6010d8a55ccbc64789fcbd03,APPROVED
5f48655c66186320c2077614,RETURNED
5d586fdc8200f50001f03a0e,APPROVED
5fa8aa822e22ef7809425df9,RETURNED
599ec7dc617ca80001fcd124,APPROVED
5de7f88b762dc2775b2265b8,APPROVED
5fd23ecda6599f06a53f4f62,APPROVED
611579e748178388d8a183e4,RETURNED
61003a57b29e11c1531ed75f,APPROVED
60c119b30aa5205b493541b6,APPROVED
56fb36ca34a0d3000b1a5701,APPROVED
5e916cb9e502b1498e8fc059,RETURNED
60c2670ee246bb9e550f9088,APPROVED
60bd28cc95ab27d4f4f6ada3,RETURNED
5f15ba922eed6a21fe83e78a,RETURNED
6277d57b5d42a3af3e0caa9e,APPROVED
5eb6df62c23fbf5e87db6b4b,APPROVED
5d4b1c73cfe6e90017ad8990,APPROVED
6111bb6c3442d79cd1483824,APPROVED
5f0a1a071bd6332cf8eb0ebd,APPROVED
5c37ecbfbef9a20001e3b0d9,APPROVED
5e27868c5cbbcc0b3599574b,APPROVED
589a84282a697d0001cfcfc1,APPROVED
5fdfb7d6e1442280fc095a66,RETURNED
610d6c481ca4797b863fe3d1,APPROVED
6272a2aa8913393f023d5f45,APPROVED
5ade0203066c510001d42abf,APPROVED
5b8588fdec7fa30001d6103b,RETURNED
5f2f03deec679e2cf4a992e6,APPROVED
5977e3867412f8000194e1fe,APPROVED
5dae16d241fbb6001160ce72,APPROVED
614e7ef6e98951c5af6fd9f7,APPROVED
606e4eb2a56685e5593304cd,APPROVED
5733464fbc6923000fcd2de1,APPROVED
55d35447da14d7000e95318f,RETURNED
5be2e7e491deed00015adcb0,APPROVED
5f14c3c615487c0d3771254c,APPROVED
5eb83f00de449a08d23547dd,RETURNED
608463432ad9e5774c98b317,APPROVED
5621cf44ed6e5a000bc7efd1,APPROVED
6272f2124c61474d78e12c09,APPROVED
5f712c16875f0375275c57d5,APPROVED
591d0f93529e9f0001ec6e20,REJECTED
5cd08e2ff59e0a0013563602,APPROVED
5e9746fb1eed951eed404015,APPROVED
62734ce38db73cd5bd81a36f,APPROVED
5c8676deddda2d00012ad386,APPROVED
627439e73b0f066c01b52365,APPROVED
5d6c5cca8cb0f70001b1fac5,APPROVED
5f4f12010c816616c12ab29d,APPROVED
5b1487d330d562000155f1c7,RETURNED
5ba292385301b80001c71ba2,APPROVED
54e32a60fdf99b3eae9de85b,APPROVED
5e9f82a2e5ad1d0e2a2bd542,APPROVED
6095fc75ab1d101e060d808b,RETURNED
5d3899e31c8fb9001ca6183c,APPROVED
609a5974625e18ab158c9a3e,APPROVED
5df15bc3361a8506b94f79ed,APPROVED
5d88e9d13e9a6e0001084e80,APPROVED
5fefa70c30cadfb105b65915,APPROVED
60ff5b9ae8095935c35ea618,APPROVED
6162d7f2f4d650e7eec2e5b7,APPROVED
60a2286e51973ae842a306ea,APPROVED
6273088a00cf446a9c9cd8f6,APPROVED
5b9845dfae52a00001482c02,APPROVED
5fb97228ff45687f38da7813,APPROVED
6151c93f62e26ed6871a5fbd,APPROVED
6102dd96720f21dbed44ec01,APPROVED
60fd6618f9a377f54dcdf318,APPROVED
5dcc27974b54778b69e62ec5,APPROVED
5e87206614560f0118569c49,APPROVED
5f16f559325a640008bb9a07,APPROVED
5b202c787f6f86000196097d,APPROVED
5c748b9188fdc20017c60436,APPROVED
62791c8387c3f14a84f651be,APPROVED
5c92cda483617d0010bef1b8,RETURNED
5b79bd77c4e6ad0001d2f312,APPROVED
606e4f5c7b11218e3040a35e,APPROVED
5e4a0a67110b3747ea173d60,APPROVED
60b81f5f9e32d170d3ab805e,APPROVED
5fefd5b2173bfbe890bc98ed,APPROVED
60fb534aa3d839c152fa8f36,APPROVED
5fda1e659df7fa12561ec08a,RETURNED
60f07d8c1de076bcea9e0d44,APPROVED
5c52016a3146f80001d47b26,APPROVED
59949236c825cf0001d7dcdc,APPROVED
611bef869f91f800ad3b193e,RETURNED
5806ceacf0740c00017892c8,RETURNED
60d2cf988de167c9da56eeb0,APPROVED
5e63e24eaf3bd51660031dbe,APPROVED
5d4b033469a77b0018f65b19,APPROVED
5c4de8f726093e000134ee6e,APPROVED
5cc7615f47a31a0001baec75,RETURNED
5c50c73cecd461000198fea1,APPROVED
615f2b3f0eafbabe579b889a,APPROVED
60c2b160526d0ae3b07ca006,APPROVED
5e7acbd0373d5e0c087a112c,APPROVED
5ca3d57fa29412001687031e,APPROVED
5e56a66121583601d3c3526a,APPROVED
5df27b81acd5ce18b4bd225c,APPROVED
5831f08ebfb3b400015a6ad4,APPROVED
5abc079a68b65b00018cfd7f,APPROVED
5c223d4a4a7e1f000137e5b9,APPROVED
5f36bde6d3369c0cadac39bf,APPROVED
6229fff149374541c22a95bf,APPROVED
61452bbe86c21c0347085911,APPROVED
6274232d1b4f72c69d2bdb05,APPROVED
5ce1c42ca80ce0001a4aeb82,APPROVED
606609111ba10f35596db018,APPROVED
60fd080d5476f4a77211bafb,APPROVED
5f0c7ea47cf1495f4587f741,APPROVED
5e836a3c2598d409928dae31,APPROVED
5ffc9b8e0cbe201153a2b381,APPROVED
5ac4c730f69e940001d977e1,APPROVED
614ead1e38ca4b390b860c23,APPROVED
614662c1c31697525616534f,APPROVED
5c8974ef34daa70015e92daf,RETURNED
5de831cad4995d000c5fb540,APPROVED
5d56b0d17ca41f0018e96e71,RETURNED
5ba3b4b2509a380001bee71d,APPROVED
5dd5e27fe25acf59990e1adf,APPROVED
55886ec1fdf99b5a49c22577,APPROVED
611c1cf68a3a6fc487b01d82,RETURNED
60a7d7b70d3cf8f48a8a490d,APPROVED
5e1bc8d75941db3f6f7edd95,APPROVED
583ec287ad2f4300014b355a,RETURNED
56fa002e8425ef000b3a4276,APPROVED
627986ad0b4e17430bd23d80,APPROVED
5e2f15bb8028224dd1dd90c9,APPROVED
5f919a881f37510203a7a638,APPROVED
61230b14a3bcb65c585dfdaa,APPROVED
615ddab1e4f013092538b6c5,APPROVED
5e27727328b7b698b037ee6c,APPROVED
5f80c3b14dc3ba1509305a89,APPROVED
5d9d2e421af9ed0011c31894,APPROVED
5ab9d6b0e734400001d9b76a,APPROVED
5e2ac2aa0038f21089a533a4,APPROVED
60242e8abb3a690ada256676,APPROVED
5938e042e9b44100013ae891,APPROVED
5ef2d7247fab4b18187eb534,RETURNED
60464c1eb5eb8b0dccd04684,APPROVED
55b2d3f2fdf99b525bc839aa,APPROVED
5f1dea279f4818757f07f087,APPROVED
614f5734ca61d17940ac78b3,APPROVED
5dfab99508267580dcdafe05,APPROVED
6108295fdd0270d7544b5a8a,RETURNED
627142805c1992313f79ec55,APPROVED
60fe3f623a905f955c654cb5,APPROVED
5dea5ba4446c901777bde897,APPROVED
61643da0ffad2d01e7b988b5,APPROVED
5c7560f14f23e50016135028,APPROVED
612547f89bad5437aaecfa66,TIMED-OUT
5cb67a7ab73e8a001507fae5,APPROVED
606604f1ca47696cf97529c0,APPROVED
6123ffd66668fe39928e28b0,APPROVED
5c1976c90d57c30001b4162c,RETURNED
60dca5d351d99ef73b2f8994,RETURNED
6266a87a7adacd7a91cabc93,APPROVED
60ffae39406f5e4035c8dea0,APPROVED
5ff12368d42dc550d649c762,RETURNED
5a61207cc0d8360001078f07,APPROVED
5e3d679eaa341501c1a5a90b,APPROVED
614e8940d8d08d51a2785582,APPROVED
606a3cf263a18869ac8ee0ed,RETURNED
5eac8b777b60c8129709fc10,APPROVED
60c90880a1658fe3dd81094d,APPROVED
6129781ecb8007ce6248a915,APPROVED
5fb2041681fe9376804e1249,RETURNED
611d2052a2e24732a40fe5c6,APPROVED
61153dddb843b4ee095f8a2c,APPROVED
5a07a6af002e1800019d6aab,APPROVED
6151057a4c5a28109151f351,APPROVED
5be3237a3193e90001798302,APPROVED
6267ec348d99cc16e7beb7f7,APPROVED
5bc9f8b677740000016a08b5,RETURNED
5e84f020507cd30b367b2624,APPROVED
5fe49a4ad8918ba1615e298d,APPROVED
5484fd09fdf99b38dfb9645c,APPROVED
5f0395a63963d05bc235abdb,APPROVED
5d8934dc4c680f00181616f8,RETURNED
5e8b32ec2c33ae7f20a0b401,APPROVED
5d74001d391b6600175f433b,RETURNED
6144834d136ed7f27d2dbe60,TIMED-OUT
5e35e01b5bfa43595d69621d,RETURNED
5fc50bb38378c80ac88354ef,APPROVED
5a84f454ae9a0b0001a9e4e5,APPROVED
583b397f54686200010f1d20,APPROVED
5c3275eb2c45d400014b6e35,APPROVED
61539b3fa541b182c0fadde1,APPROVED
62740f4f578f0114e649016d,APPROVED
55cc19c7fe3304000562562c,APPROVED
60859f820e5009a67adb3921,APPROVED
5a8d8079190420000156435d,APPROVED
5d5f07cdca10e90016bc0103,APPROVED
5b68d45687af3100015849a9,RETURNED
60fddc61782d31b27035c833,APPROVED
60b8198defba8da1d95a93b8,APPROVED
5b6872f33ffbf200015434ef,APPROVED
60f838095603e27ca51820a7,APPROVED
5b66c8d4cda8590001dafb0c,APPROVED
6237e3dd84d00736f51ed0e4,APPROVED
5c28113978fad50001932f58,APPROVED
5e937e8e4d246b6b4162ae72,APPROVED
60c770aa2d2928bfda4c7cd4,APPROVED
5dbf9446a3f5cb419e9d28c8,APPROVED
5ee933d3280cdb2bb68165b0,APPROVED
5f23ff398626c51fdd6c3fb5,APPROVED
5d6807f9778de5001a120d9a,APPROVED
5fb9b9c1c62f408e51e09e32,RETURNED
62348c41368404b2ade8312b,APPROVED
6110b1d94c31281dbc74fd8c,APPROVED
6134d8a566bc3dffe880e879,APPROVED
6091b418d1cddb4526a44543,APPROVED
60f83b167c76803d88b92d53,APPROVED
5f1c72e25a26d503c77bfdc9,APPROVED
5c9527e29e4f7400011e1571,APPROVED
5edfb0770fb0722aa3839b6d,APPROVED
607db957e9d570c7c2657b8d,APPROVED
6266a849331cc893a5b22cf6,APPROVED
6042794fe3c49714bee3e9cf,APPROVED
60bebdec81297725b80fd773,RETURNED
60fd6ea5d5e5f804bb6fc4cf,APPROVED
615009a911243c691332e533,APPROVED
61210b5c3f465c51a7f4166a,APPROVED
60d2b326161a622cd363268a,APPROVED
60f4e3ab507bbb123f866e88,APPROVED
5f6cdde7a8d71310b06e402a,APPROVED
5be5c05fd153f500019a2ef2,APPROVED
5c99901553deaa0014cc1565,APPROVED
5db4ef4a2986a3000be1f886,APPROVED
55a29659fdf99b5ff49937d3,APPROVED
5f82567f1e720a3842580d23,APPROVED
5e3cddaa64dfd70d85a5ef3f,APPROVED
5f692cb4ed7a291143a9c66b,APPROVED
6063737f1039adcbf6428ac2,APPROVED
6277f24d24ba4608b3fa016c,APPROVED
5d5c25578af5fd0001ef3aee,APPROVED
61575f1257634f8182c29c16,APPROVED
60da18dba560960ea60a8fe5,APPROVED
61362d6948d613a7ac12f5c5,RETURNED
600dcdff34fef66077146d8e,RETURNED
5916bba1c40353000150c46c,APPROVED
559e6830fdf99b4f0b98514a,APPROVED
60f8d9621d5d71645a1cd5a7,TIMED-OUT
61119ec83e4959b0b729f91b,APPROVED
614fb78a1b669f5333f1b6be,APPROVED
5e04b9be7adf4bf23f066a2a,APPROVED
5d3356323e1190001909339b,RETURNED
61588d3760a3e57cb950a6eb,APPROVED
5f2042752276432e3a7ef104,APPROVED
5d615f7632cfbd001b1b6dcb,APPROVED
61176499888621df3f4fdce5,APPROVED
6234e0d21fd4424ca06648fc,RETURNED
615542e63024889a5c432983,APPROVED
60c12fe6ca8c4aa6d0185190,APPROVED
5ea0f8b65669f80008176bec,RETURNED
60fd88c5b5da4621ddaed661,APPROVED
5f10d0c38a2aab13cb5f315a,APPROVED
5bf8f34abdd6400001bd5e66,RETURNED
565b4f6310593c0012ff97f8,APPROVED
61429da901b389e7a09182aa,RETURNED
5dcf402982569a08ddd84086,RETURNED
6158d01f302cf46b673dd597,APPROVED
6174b4379341e99889a718d7,APPROVED
5f97d19f018e77000cc67d21,APPROVED
5c817d90fae0130015ce9bda,RETURNED
603e97154847faf7531b40b6,APPROVED
6106fbbcd52909fe5cc2fc8e,APPROVED
62740cf8e39eba1055ef571b,APPROVED
5d19281012e152001920227f,APPROVED
5c5198da659655000168955d,APPROVED
5fde4292a4d8245990ada5bc,RETURNED
6272919c35ab7659d0754c07,APPROVED
61089a35dbc0aaf020ab264d,APPROVED
5f98ab718920801c578363ab,APPROVED
60fce31d926b2ab20551bb0b,APPROVED
616c67fb68f7841abb442300,APPROVED
5f3d1db8a6057b0217f30a13,RETURNED
612154b0f3a4f3c5ff662863,APPROVED
6151ea99cc49979b38172838,APPROVED
5898b6e256357700011c2c6b,RETURNED
6275b44a59d2813a8d3e2cf3,APPROVED
5dd352c51c219b35931aefd1,APPROVED
5dc50289718e6d39756e99f9,APPROVED
605359ecf7d81099c7543307,RETURNED
61107381524799faa46fc6da,APPROVED
6168cbfbad1cc13ba73ade6e,APPROVED
60e7394b28be0399d9be8c2d,APPROVED
623ac50ed58ac10f7e259b8f,RETURNED
5ea49b6336f03945acec5c7d,APPROVED
5dc9580384b21f67e07ddf67,APPROVED
61219fd8387ca59d07e0dc1c,APPROVED
5d654282986878001c2a5db7,APPROVED
60fdaef9697a239debe0fdc7,APPROVED
608e2cb9067eb028500433d5,APPROVED
60d9e7e76cf2ab6d21eb5f99,APPROVED
60e88e0b7d305b5fbae3ebef,APPROVED
60ef7dbc9163c6766eb9eda0,APPROVED
60ccf8699102ef793a8fd37c,TIMED-OUT
5d012930cfeb82001817c9c9,REJECTED
5d1a13a0ae692800192fa1c2,APPROVED
5a5d0554ac562400015402dd,APPROVED
6276dbebeabfce0b6ad28951,APPROVED
5f1f376f67f0051036338137,RETURNED
5e059d2bb1fb05fd1f841142,APPROVED
6100904f5ea462cf2de87dfe,APPROVED
61003ee06e7798e7469ec5d4,APPROVED
60a7c4434b322876925afaa3,APPROVED
6171125c1d572c106f10824e,APPROVED
55d7844969dbc30012b67f69,APPROVED
5c11f3face422b0001d69416,RETURNED
6266a84a363636eab2c40c41,APPROVED
60712d937752fb8780e89951,APPROVED
62747dbfe7adcc161f4df9b3,APPROVED
5e7909d956b26e4aba9a460b,RETURNED
5be8de2ed3560900015c743a,APPROVED
614bbf1e7de43dee7386fe3f,APPROVED
6266b4ea9408fc167507d923,APPROVED
58477607f1b9b3000192bb01,APPROVED
5c7550c0181ad3001133664c,APPROVED
5f12199d89c5c8000aaaee8e,RETURNED
5f6eab3fe024d03f963a0ae2,RETURNED
60fe21d7301f49dfc4aa5f3a,REJECTED
61006c4980155934192a124f,APPROVED
62349dcdec7c3f8e7e1bc90b,APPROVED
5f4f9bc1f7598f06b2dc816f,RETURNED
5daf1d3f8d1f230014c71e21,APPROVED
5cfc7489e289a80016b6e29f,APPROVED
611b0ac70d4112b286c86f0d,APPROVED
6165ab1d62dc48b90438ea1d,APPROVED
5e20a27f25a4d03b9ee10bc6,APPROVED
5d26b1a4c22768000166c809,APPROVED
60c7af606ba051b42a91d3ff,APPROVED
600c167e28de48080e812884,RETURNED
5b2890f10ec82d0001d24b61,RETURNED
5f466ddc078a3401dceeecb6,APPROVED
5ccb779b2c4e1f00159333ea,APPROVED
602d74a9cfd5ef7c52c83805,RETURNED
5c22f28d70d93a0001201738,RETURNED
5d338bb02381b7001761694e,APPROVED
5d6141608a11df001a477fbe,APPROVED
5b074050d4b87a00017773ef,APPROVED
5dd86784dcec8782b85cb5bb,APPROVED
5d6ef023cfe0a400198f911e,APPROVED
5d93a2e8e248c2001967fb0a,APPROVED
60f09796c2a24694ff43f6b7,APPROVED
5dd56e51954d1952f17bb57b,APPROVED
6095d9eeea5ca5b1f3e39cce,APPROVED
6091ab55ea2e97910519f8e7,RETURNED
5dceca2541afe801a32e27ac,APPROVED
60ccbffae161aadb1880ad6c,APPROVED
5be4c11a468be0000103e5d8,APPROVED
60fce6ac1fea00d8430df8f8,APPROVED
5e7e2df818ff3207c8846b93,RETURNED
61523a4c57654b5cb6b7c5b0,APPROVED
607f5b3ca3dd160c6db0fdfb,APPROVED
6088acc5decc809dbe82850b,APPROVED
5d07ce1342a8400018a27494,RETURNED
5e1545d9b1fb05b6369d13e8,APPROVED
60fd9b058f1da0d6103dacfe,RETURNED
5ac8f79068b65b00018d7ef9,APPROVED
60d3789eaea26baa8ff53bb8,APPROVED
5fbc56c0293d73121cdc1eb5,APPROVED
55f5946a32af74001017047b,APPROVED
6016c24ec5b6eb86fb473dc4,RETURNED
5a18805f087f2e0001eaf737,APPROVED
55abb1a5fdf99b501fab62e3,APPROVED
622a4d6cf143081ed1887ee5,APPROVED
616b5241d8eb9504f10a5cb2,RETURNED
61001f90f9c95e15086d7226,APPROVED
583a39b6a95836000153ac87,APPROVED
55a5f19bfdf99b28b5340d00,APPROVED
5c79bc94d454af00160e2eee,APPROVED
6051536b3e81428095504b35,APPROVED
61731c0ef27028acbfbbf972,APPROVED
5e29c3e725dcfd01cef9f474,APPROVED
6151e479b4ee16668948c7f2,RETURNED
59d6b8f103203500011ace12,APPROVED
5e05169c37241cf5527d7f6a,APPROVED
5d88db42c1d06e001a1fdcab,RETURNED
5f2fc0f05b67073c177aaece,APPROVED
6146a63f67f04b6a616a2c7c,APPROVED
5f4d2b4f0bee2410475399c7,APPROVED
615200800c7a074171c4968d,APPROVED
5cadf2fa7e99a900171c4705,APPROVED
573a8aca67421f000f191c52,APPROVED
60e8b06bfb1c78d450ae9f79,APPROVED
5e428b48902afe117c45d261,APPROVED
6272a38c2210e15b526bf5de,RETURNED
60afa4c56a6f2b743fe5e7c1,APPROVED
610c2a0c28529dc4e1b46f0c,APPROVED
5c06b3f64a2b7b0001c3c185,APPROVED
60e5868307d715a4d1445116,APPROVED
5e2de92d8844873da01af947,APPROVED
60b85becc8a6814025bc03f6,APPROVED
622a5d3bbefce4aad4fd640a,APPROVED
6111202e9250c75296f411bf,APPROVED
6102ced1a983f0479d576146,APPROVED
610c940475aedaf9c70a190e,APPROVED
5feeeea3341f421a1fd59597,APPROVED
610afdbbf0570bc4ad98f216,RETURNED
539850c7fdf99b1ccc3f1302,APPROVED
5513256cfdf99b1607b1f47b,APPROVED
5e3079c558a8c8073fdb1ff9,APPROVED
569298838d93fe000dfa033c,RETURNED
611118bb54d50e3e2464dcd7,APPROVED
61088c529cff73b187d19e6d,RETURNED
6121b299caa39a2fd5061377,RETURNED
5d86d05f9854a60019240621,APPROVED
627421dfb4821458bda8a8b4,APPROVED
610c4e668fad041dbcf2079b,APPROVED
5fa2050042e91e3c2bae0ec2,RETURNED
5dba12a530c4d70777e844f7,APPROVED
5591cd21fdf99b63126f6c60,RETURNED
5d4459c166881d001c4d5451,APPROVED
57d6dd8d6598aa000199188b,APPROVED
61509f6eb3a929e50f33ede1,APPROVED
6279df32756e31a0d072f8e2,APPROVED
603032b2b88b07e8aceb10c4,APPROVED
60f6dc54d60339c97825e1b1,APPROVED
5e7d09e7f0a5a00c4a1ccf96,APPROVED
5e8bd4b0fc9f9e0bf754ad56,APPROVED
5df43bc97bf57231c224ff10,APPROVED
5dcf143582a5270687e15ec5,RETURNED
58b20a24c352cc0001ed554b,APPROVED
62733b8ee687326d23d970ea,APPROVED
5d0a1045b318b6001742ea0a,RETURNED
6157d22b9998f96a77f41567,APPROVED
60fd2b7dcea367e25e07479a,APPROVED
6234b36572ba11d3e3089e49,APPROVED
581d38509b5b8800014d507e,APPROVED
60fdf439667428ddf589f80f,APPROVED
5f47f19248a89010ebae8705,APPROVED
5df0df9894a4fd12df0575af,RETURNED
60cb45a828add14daf58b686,APPROVED
60d2201d6d8c5564a26eb585,RETURNED
622a193e32f45a5c28d4875f,APPROVED
5e954b384491ad117052cd48,APPROVED
5dbf11701429823ba384bd3c,APPROVED
5aeb561495ce7000013258cc,APPROVED
5e6fd38fe95be7071b5196bf,APPROVED
60e9dd69a621497f1f8d3c2b,RETURNED
596e1af7a09655000197d4bb,APPROVED
5e9fc65dee2ccf178f0e413f,RETURNED
5f8bad1242efeb2f49156f51,TIMED-OUT
60bc8860d04f4ac80d319a5c,APPROVED
56fb454534a0d300061a5070,RETURNED
5c0150326a0c6e00013c6068,APPROVED
55c0ca6cfdf99b2e8efc9f4b,RETURNED
5d423e1ef1006e00016a95e1,APPROVED
5c92870723bd7e001870138e,APPROVED
5a454e442f91ec0001dcb66c,APPROVED
60fde74940100db428b34a06,APPROVED
6152095d0b65b445c020dab6,APPROVED
612d890c774262d7afe06380,APPROVED
5f90581950d8520e8c7d3890,APPROVED
5c4d1a6c9ce35100019dbc88,APPROVED
6029b0e17f3b5d944ab183f1,APPROVED
5ff8b291840bed124061d389,APPROVED
5eeba89ba5de72356a3c8507,APPROVED
5cb553b7a0ccb30017e5b617,APPROVED
5c9b1b5c441b4700179b17b2,APPROVED
6103049fc6f76dd9afd945a6,APPROVED
5dbd597b2d098c2ac14806b2,APPROVED
5bebd4111296920001d55c5a,APPROVED
61506f90721dcdeca6e77c2d,APPROVED
627287d722e1e1c3750520a0,APPROVED
61524786648792b8da40fcb2,APPROVED
5e7a0da5c8327f0406f24b9a,APPROVED
6238caf8bbe2f000db32e9fb,APPROVED
610a40ffbf11d261514a7c0a,APPROVED
5c2dae2110677f0001dd1137,APPROVED
5f68b6870908f5010ae9db83,RETURNED
56f29effed0cf60006911528,RETURNED
5669ac845bd4ff0011159b4a,APPROVED
55ca03e1fdf99b2735fc1dde,APPROVED
60885dc6571926117732b41e,APPROVED
60fcf05ab368fd88bb8075ad,APPROVED
5dab320180cabf00168279d7,APPROVED
62728a3ddaa0b0bbc2e64649,APPROVED
5dbc46b70338051eb7999760,APPROVED
60ce065fcc62a9d3315abbf7,APPROVED
61109a2a9fe8f8484647ed14,APPROVED
561c4dc1811d220005f31d9b,RETURNED
60ac66a8e1bf5a1c51fa864c,RETURNED
613e19b189b05f24b6206290,APPROVED
60dc4e2299f89a7ca94b2c91,APPROVED
5e25c1a57d6cd1000cf870b8,RETURNED
5dd3e3d286411b3cd7aaa0c9,APPROVED
60fd94a23960ad8f22e6d4bb,APPROVED
59d75f1b8fd07a0001841feb,APPROVED
6174b049932ee98236563b51,RETURNED
60f8760725c31a8e9cc7ce29,APPROVED
6108649840bf2b927ef3905c,APPROVED
627970e22164305d7787663c,APPROVED
60c24c8ec01a8596ba5c8b85,APPROVED
5ab85787a3ba7a0001b41428,APPROVED
6109e6596c52fa1f853b16c2,APPROVED
626b413b931fbc2811ab6921,APPROVED
6276dfc1bfdba723cb4ae910,APPROVED
60fdfebf34e9b78c0d472d1e,APPROVED
61015eeeac2c6fae4f3696c6,APPROVED
5e861812b23b0a22ef59c4ee,APPROVED
614e149fccc6a53ae06dfcd2,APPROVED
6234c08d8ca96438af2c7f44,APPROVED
611fd019514179e85e80a7ee,APPROVED
58eba54d404f1b000139f84b,APPROVED
60ff2fba1d8a372fa630afa3,APPROVED
5f7a0bc4853bd46503a27113,APPROVED
5eab19e1b72f750cd7413764,APPROVED
616b2966d0aee4f9879a656b,APPROVED
620299b5ef1cb18a1337c4e9,APPROVED
570d30be42a1db000dc4cf81,APPROVED
6271aa00a413ef1549d1e169,APPROVED
614a4afd30a7cca72884978c,APPROVED
616f8ebbb4625dc2db4f1851,APPROVED
6101f89f6c68866b1fcb47d0,APPROVED
60801193150c8f60aa4884f0,APPROVED
614e7ad7ff5a0d785d5e550a,RETURNED
558a327cfdf99b2d75651681,APPROVED
5c6ae4c31b9d0e000190bacc,APPROVED
5d22a0930a59e300199957e1,APPROVED
5caa4435fd086000196ddf13,APPROVED
610817e5cb857f0878a6a4e2,APPROVED
5d30eee5e7ca2e001bd4091b,APPROVED
615c65e4fa1c6b2e5a7d0971,APPROVED
6170afe6e3197de7542fd205,RETURNED
5f9b6cc0e01ad13902b38f60,REJECTED
5c109903e6eb4e0001b29e44,APPROVED
5cff67bb2d2abc0015392cb2,APPROVED
6155114ba3aa21be8760d39d,APPROVED
6234e9c483c8aa1f1c5f046a,APPROVED
5ed6a80ac3b8620fd41f5fd6,APPROVED
5d2fbee1fb16450018a7a023,APPROVED
62354223d36eda662355a9c0,APPROVED
5cbe17ed7d21cd0013e90fee,RETURNED
5df86782b1f2225fb67275df,APPROVED
5c0c5e04d56d2200015addcd,APPROVED
5ee11eb5636ea94d3ad43e3b,RETURNED
61632b52ab37a7fde834300f,APPROVED
5e9f70a9eec34b1108c84413,APPROVED
5ae5b7e26735bd0001d7dfe3,APPROVED
614e3704c2bc0a778c6f9fc1,APPROVED
57b270d576b2ea0001c98812,APPROVED
610462fe9130a29881eeb085,APPROVED
614f96bc8d9a23451a93ca80,APPROVED
5e21e741f814784d3180f004,APPROVED
5f8f0ae15fe9e60fbbbaead9,APPROVED
5d0ac7504d57690017a355ef,RETURNED
5c1053202b16ba0001c86317,APPROVED
6110cc212a3ac417ba55da29,APPROVED
60fe7748a8ef9311de5f2fcd,APPROVED
5d5af833f35ed70001e17a5c,APPROVED
59ff47d47ecfc50001be0555,APPROVED
5fe508e86079e12a8a3b2427,APPROVED
606ca81043fc54382a7808fe,APPROVED
5f8c8f0720fed940a6472d4a,APPROVED
5c27e76978fad500019328cc,APPROVED
5bd4c1d09afb5b00015c5bdd,RETURNED
612d435206d267d587b12789,APPROVED
5e3dd36d19be0d040a17f13f,APPROVED
612e3a120a7d7d6f0bf16f83,RETURNED
5e14c66ffa3d10ad0f173dc8,APPROVED
5edd1133213f7a077ee2709b,APPROVED
60fd6a2e013bff4b729c6dec,APPROVED
5b72d3f8afce7600019fe275,RETURNED
5e12b8f31e2e589287ce63ae,APPROVED
60ff14ee848d8535fa426ee6,TIMED-OUT
5ecd4acdb218ec085c6eefe6,APPROVED
60be1e056f39c387c4f02308,APPROVED
57298879dfbb55000903bbbe,APPROVED
5f7b8d1186b828165dae8e5f,APPROVED
60c969c12749ced10866921d,TIMED-OUT
6060bdd2935a3eb3bdcdb835,APPROVED
61fa94315719bc09cb834ea0,APPROVED
5dd864447beb29822b6c1e86,APPROVED
626952f29221cc2ef888c8ac,REJECTED
602454a47d0d7d121a1e444b,APPROVED
61509c6546f86af95d139692,RETURNED
613930f9c3c440ef9a34bf02,APPROVED
6101667971d68405d105698a,APPROVED
5f1b2a0146ce431186055813,APPROVED
5e833057c18add048e86d9cb,APPROVED
60e25008f1ecf0be303353bb,APPROVED
5de66aea7e0115000c6affc3,APPROVED
56db4c217dcddf000bd5853c,RETURNED
5dd2c9f2c925a82e5167ef8b,APPROVED
5a454e5f56ec1100014a2d8f,APPROVED
60e792f25e9ab875f9605cf5,APPROVED
5f01b9892b6ad501d933a117,APPROVED
5c128848c8651700019f488d,APPROVED
627e84d6444a6e8cbb9664db,RETURNED
6151f6ea4e1516125d230372,RETURNED
60ec382554a4738b3985bce1,APPROVED
614f2378929f8d4e2447ec6c,APPROVED
61bb396b40db417c1a138e43,RETURNED
60fcbc463512c4b372fb9648,APPROVED
61071cc46f4d7bb59e4b4c74,RETURNED
60fe14fa6b07c0db08b74436,APPROVED
5a459ab2ee927b0001e1e1e2,RETURNED
5daa85e5997769001203771d,RETURNED
5ef55b1c3395621b627d3ae9,APPROVED
60bdc9ece9fc9b87f5c009b7,RETURNED
5a9ab4944eecca0001dd806a,APPROVED
60d0d2d01903eb8ff12dfbd4,APPROVED
5e11e7aba7fba686b2cb3341,APPROVED
60f3320a37b06dff39dd1d8c,RETURNED
60fcfa5419a91d3e0f65c016,RETURNED
5c3517a567013e0001eff811,RETURNED
60c056b358621c438c04df78,APPROVED
614e028ecf892a8c9ba41c3f,APPROVED
605220735560745cf0a16a80,APPROVED
6100a602c92dd1009ec6f7a5,APPROVED
61523ad1ae3acee5b3f7287b,APPROVED
60fe12e72041bc1636d08771,APPROVED
5a8599792a842c0001fcbacb,RETURNED
614e34a57b3df61d2f195114,APPROVED
5fc46f87f8b6b98b2ae7d8cb,APPROVED
60ff3734842588ee3991e422,TIMED-OUT
5c2fae74d76cde0001c11590,APPROVED
5e614c386ee9b3017b83e4bc,RETURNED
5ff364b2c9707d906a0fc44e,APPROVED
5edd7f96ca05b8a8b4eebeb4,RETURNED
627120b98967a5dbd4922c2e,APPROVED
6110da6ebfb966048dabba15,RETURNED
5deb638bff7f7126d6fb5142,APPROVED
62029959ef1cb18a1337c447,APPROVED
5f5b0f1be585c32184a4cf35,APPROVED
60b348a8332d26d4b88be6a1,RETURNED
5de7c8d29fbc50000b011eb0,RETURNED
60fde2737fe9a6412a1cb56c,APPROVED
5fb8bb1248d5346360a46654,APPROVED
5a01a0fd728b1b0001ad89f8,APPROVED
56bae08f30d6b30005f8537a,APPROVED
607d9b4a31b7f0e217217722,APPROVED
5ecbdb9194a726075eb697c2,APPROVED
5d548912e1c7130018e019dc,APPROVED
60d6562174087c2eccf2357f,APPROVED
5d979a7705d4d60017b154c6,APPROVED
61bb38a640db417c1a138ccb,APPROVED
610c3d28e2bf7bcf5673d42d,APPROVED
5ededa791eabd41875e762e3,APPROVED
5f5bcd84009333376363c9aa,APPROVED
60cc0ee0b2602bf10f108b02,APPROVED
5ef9df1812148a78af8e76dc,APPROVED
5f57c1f5ebda262c8446916e,RETURNED
61087170351d69ad70d6b240,APPROVED
5b25b16e34ffd00001b43e24,APPROVED
627e7dc3d2e7347bd49d1ece,APPROVED
58d3edd4ad1e550001c5d45c,RETURNED
616f4e920ed4bf68c708dde3,APPROVED
5dd2db924524e72e0773800f,APPROVED
622a04c3557ea04c82c8f62f,APPROVED
6009fbabfbc35d122a0ccee8,APPROVED
5ff08e9ffeba31f71a352849,RETURNED
60e3cb2eb431b9353d3ea90f,APPROVED
5e8fe10948e8062e52605345,RETURNED
5b4b59fe3905740001273cfc,APPROVED
5f19fbbb7767270c32464eb5,APPROVED
6108688a0dab4b6622af82e9,RETURNED
600340c28bbd673ed1d69e56,TIMED-OUT
61741ba984f258d5c6a1303c,APPROVED
5ba78b71d60daf0001532d5b,RETURNED
5f086f8ce4af130780ca55ca,APPROVED
61117b7f4b7b910600093fbc,APPROVED
62791c910cb86424e730909b,APPROVED
5dd06ed53c870a1526a78264,APPROVED
5df961cb53e8466f17606ae1,APPROVED
5a5da588f6c51700019527c4,APPROVED
60c0f0f05c6d322d526e7aaa,APPROVED
60dd37e62e3068eee3f96708,RETURNED
5fc4868e1e58465b64455779,APPROVED
5e5c9623d3e2d3475fea5cff,APPROVED
5ea8edebffcc05362073098b,APPROVED
5be9d049e1b58b0001e13001,APPROVED
598e325033481c000164d2aa,APPROVED
5ca5435273897b0001de44ff,APPROVED
6202967aef1cb18a1337bf41,APPROVED
6266e4d8c69d3dda3373f092,RETURNED
5996dbbc05a0e30001f1fd4a,APPROVED
60fe2077b7746be7cc99c1a4,APPROVED
60e7739644eb45bfddedf039,RETURNED
5ee4b29de1640f1bc85da97b,REJECTED
5dd35a762a30ac36374dbe4c,APPROVED
610036375afd3ab1afe073e7,APPROVED
5dd45a1b16d10c44eda43509,APPROVED
5c57631a47a04100010da795,APPROVED
6116c9b6db8511d0a58bdec9,APPROVED
5bf369233a46830001a65afc,APPROVED
6245203644dc69a814ce53e1,APPROVED
5f3a206fc9e0015f2bdc873a,RETURNED
60fdcc2bd36d10b134c14cb8,APPROVED
5ef764821269f404a08607d7,APPROVED
62750db531a7db5b711ed514,RETURNED
60feef94fa8ce545b5ebb074,APPROVED
5aedb8ce49bb4c0001079640,APPROVED
62728dbb60ddb985c3758713,APPROVED
5b6c72f29dc5550001f8a514,APPROVED
6282575ebe32fdc6268babc8,APPROVED
614de6fa0215b80b2d767768,APPROVED
610804ce88c869f1cbb07cc6,RETURNED
5a4ffbc076d1c60001aa9438,APPROVED
614dece04ee1516045ed298d,APPROVED
5e373f33a42bce6daa55ea65,APPROVED
60dbe1ade399352be04a652d,TIMED-OUT
6273e8b5fdcdaed810eca006,APPROVED
603f0f515ed1c20104459904,RETURNED
62826c623ccb1473a22cc955,RETURNED
61502f4029bebb130459f0ff,RETURNED
56b61b915cd743000e6e01c5,APPROVED
61507c30291069d83501fdad,APPROVED
61719bf80c4dc453adb2130e,RETURNED
60fedd3890ce06a5f852b2e8,APPROVED
5dee44454d7bea4e3f4b44a6,APPROVED
60b5141acdfeaaf91d9dc145,APPROVED
6282846e78f4b72a47366a67,APPROVED
60ff21b86f1173d6a4c0673c,APPROVED
627e6dcb0620566e15cb9eac,APPROVED
6111d3aa2e12fb09c474a445,APPROVED
558a354dfdf99b2d7699abd4,RETURNED
6234a71d1b478a615e51ab69,APPROVED
6101f4493ed452ae3b6d5abf,APPROVED
60fefd6de6b470fd133b7d5d,APPROVED
6107ea7bb44b10bb04a154a3,APPROVED
5c5e686420cbdb0001668ad7,APPROVED
60fdaa304acbf3376ea09e5a,APPROVED
60c2cc653d0c6208fc8899fc,APPROVED
5aeeb4903c80f200013af2ed,APPROVED
614f2b16d983019aeace1fe5,APPROVED
5b101f7830d562000155a139,APPROVED
6144b5f840c9ccbec2879397,APPROVED
5df416a57bf5722f9a501255,RETURNED
60fdf6da03fc51141cae6e82,APPROVED
5dc78927880a295561ca4c5b,APPROVED
5f57120cba207c18f058a62b,APPROVED
613c001ec639f201544ba8ac,RETURNED
61381cebf7ab8936c299ba4d,APPROVED
6101c43d0013801865151a42,APPROVED
60e49c6274c1be146fa85140,APPROVED
617066e07dbd3e09855712bb,APPROVED
61502fabb3e57f4260c748c8,APPROVED
60fd8d0cb609890e38b8dc90,APPROVED
60feeaff1dc2175994046b7c,APPROVED
5aff55596a67f90001f680aa,RETURNED
61501967e49a3d7e1977e4b4,RETURNED
59417543c768a500011c9731,APPROVED
614e7d01eb43e956288b13be,APPROVED
57d88513995a0b0001635002,APPROVED
61002978d32f759f8a398f88,APPROVED
5f12a44dadcb8421418b6a80,APPROVED
60ec8bdfb5696e50adacde9f,APPROVED
558c2205fdf99b5d984bbb15,APPROVED
6116efc15194b1f72946215b,APPROVED
5fee4a12069e3b0c91f2531f,APPROVED
60f5dc6cba19bf6145b8c921,APPROVED
5af835d8e19f8c00019e6dc0,APPROVED
5e1f8fbfb202032c463f3e06,APPROVED
5cbf75531864210001fb4db2,APPROVED
5faa0c564cbdfb2e1869df72,APPROVED
5fce87101036290e0bec1bc0,APPROVED
5e564ce0dacee801de6ea4cb,APPROVED
610757c6fb69acc70995b376,APPROVED
60fdb83606ba18b3b54215fa,APPROVED
6229ee11f6b5405956544966,APPROVED
57bfc1beef05670001ee84c2,APPROVED
6106fea80bd268497aa1590d,APPROVED
5ed557c95e70390d7ce48fab,APPROVED
5dd6abfb428d61634c13c32c,APPROVED
604662eb7acd59016b6ec9b9,APPROVED
6172316cd8b547db367c4e8e,APPROVED
612fde55d251a3547b8e5766,RETURNED
5cb34fdb9a26a300017302d8,APPROVED
5fc803709e587e1295172443,APPROVED
602a45c0fedb02491498dc94,RETURNED
60a0f0a3304a7c10be7332d2,APPROVED
61f2ac99a09e72f23cbaf699,APPROVED
5b91ce93cc81a400017a31ed,APPROVED
60fdd7da174f7c0bc1359b04,APPROVED
616dd290ac16fbbeddbd3bc1,APPROVED
5dd5bc3bd5cef8000b9861d5,APPROVED
6109cb5e3a52dec4f980b92f,APPROVED
610f00e129aaf4f850d419da,APPROVED
5a9a9a34dbdb470001eee32c,APPROVED
5df3c82961b48a2907204173,APPROVED
61097b59960c5ce3f88953d3,APPROVED
5a28bf2b8766a40001900b24,APPROVED
610842d3e4ba6eb0276f4a89,RETURNED
5d2e4fd16adc630018df841c,APPROVED
5a7f2307b093f80001a7a458,APPROVED
613144a2644e06ca44d6c13c,APPROVED
5ac7ad53e1546900019c1d75,APPROVED
60fcbc5369b93b4dc6c26e16,APPROVED
613bd1ff4599b31dbdbcb97c,APPROVED
5a9998a14eecca0001dd791e,APPROVED
60fcd0cf324614c97cab543f,APPROVED
6082c37809793130ca4b3f0e,RETURNED
60fdb51117b19cc738522018,APPROVED
6109cd6a03dc4d54ad56fa75,APPROVED
60dd22ef389c24091e233dfb,APPROVED
5a6f60e4efd3a7000120f057,APPROVED
56ab103610b779000bcb4cb5,APPROVED
62728d9afbb36631896f3bcb,APPROVED
60fed1b0ab90f3ce5328b0f0,APPROVED
60fdf03e2e0af8700b21584e,APPROVED
61109c0ff4b053064588d68e,APPROVED
5e59d06dba01301e73cba7d6,RETURNED
5ff3c8f2bbdf7fa0ee8ffed9,APPROVED
5ae2641f5cd05500015ece71,RETURNED
61004dbd5f827083599ebe40,RETURNED
5e3dec90ce522506a9045e17,APPROVED
60fe2b79489de0236d9de6bb,APPROVED
615224b6fec95dfc43439c28,APPROVED
611115a766df68e739b3ac70,APPROVED
60ca1b9201fcd80c6647a431,APPROVED
60ff038ecffc509aaa6d13c2,APPROVED
5ddef2e6929d5de6f1050f1c,APPROVED
60eb857b5d9d956e6465ee3c,APPROVED
614920355515cc61a3e3734a,APPROVED
60b918118f03bbd740bdba3d,APPROVED
56435b83942576000a66eb5d,APPROVED
5dbaded2af6b8e0e8c3632ed,APPROVED
6107e221320a65843baf3c11,APPROVED
60fd672429700df612029bbf,APPROVED
604fdcd6af4aa7257d4ce23c,APPROVED
5f2f6bd965964e35e20c7445,APPROVED
5a7255c8c2eb6c00017e2dcf,APPROVED
6151f8d17451289b4a59a6a8,APPROVED
5d88f2f8cefb52001a83f1b2,APPROVED
6109765b6cf95dcc32451ac1,APPROVED
60ce5270f1695ea416c25fc3,APPROVED
5b14791ebd9c31000156e8ab,APPROVED
5e7d0520455902383a9d1dd9,APPROVED
61152667b4f2f472cfd58d91,APPROVED
610d8fd45ccab90c42a4a6e2,APPROVED
5d11095c9286a8001a6bf0b4,APPROVED
5ac53209fa3b4e0001736f22,APPROVED
60fcbd2c3c4060cb6d444b7e,APPROVED
5f3ae3fec9e0017b42c92ee0,RETURNED
5c57d3d354f9d30001dbc19b,APPROVED
614edc6369c8c812dc63445a,TIMED-OUT
62804a71208cb8a9dae43e79,APPROVED
6111234ac8cfa49e38acbfb4,APPROVED
5f52c941fc18905c7e8f78fd,APPROVED
60fdcfd7522add53e0606d56,APPROVED
5d9a90db9fcbb7032d1bbe62,RETURNED
5c37aa8b832a8400010983b3,APPROVED
6109b9fa4ddff5dd09dba276,APPROVED
616a6204b989f71da0a1a889,APPROVED
5c3399d8cb218a000176c6c6,APPROVED
61113d9958b30bcd6342b565,APPROVED
5bd4ea1a4b4f9e0001130b84,APPROVED
5d30c1a3bb673e00016b0520,RETURNED
604305637d695b28f724d9dc,RETURNED
60ff604e9afc160297d0884d,RETURNED
6142956741a96afc95ffffd7,APPROVED
5dd3cfb7b103ee3b428185b2,APPROVED
611098659374ddfd4efbb342,APPROVED
5e71538a5a6f13000be49db8,APPROVED
6109ada11c3dd645141d7a18,APPROVED
5f0a5c3215ee6b127419fe47,APPROVED
5a4ae15d6d85f80001c25f65,APPROVED
60d4f04b47a9b637e810e4dd,TIMED-OUT
6143e022ec8dfbce17b7e211,APPROVED
5f5967d6e280e61b2db8e55c,RETURNED
5e606b1eaf84e83c728748d7,RETURNED
5f0a768d79e052185602759b,APPROVED
615d0733aeb8f75406c20fbb,RETURNED
60bb4ce0772c798d3242a78a,APPROVED
6277dd9a2bc4d3b7f24b8319,APPROVED
5e7072e5fb136c63e94f3fa4,APPROVED
6132cc931d18eb3ce734accf,APPROVED
6157d4e8c339aeb409d2e6a9,APPROVED
6283cba1c6ae333368e8923c,APPROVED
5eb9d17513966810d521659f,APPROVED
60d7558fd3a01169626ae963,RETURNED
5df2f2ed4c81b2201c6c782e,APPROVED
60fc7aac153cdd782a763977,APPROVED
5dab7b8145f7b300160dd91e,RETURNED
5c91658e319e1200014f6f9b,APPROVED
5fa41b6733b31601ac3f79c5,APPROVED
56e225c2ec0fdd000641e72d,APPROVED
5ed4954aea62124652e189c9,APPROVED
5fb69cacddba6408f81a9564,APPROVED
5dd6a565f30aa662cba3d8de,RETURNED
597e78d513dc5e0001e2f818,APPROVED
5f4af15a0add63150e16e55a,APPROVED
5ea90a840928983752c88275,APPROVED
6101b5f7b7de35910a926c62,RETURNED
5da1e0e868c6aa00170ffef5,APPROVED
60fd16a2db3eec6513f8cc5e,RETURNED
5b87e73d53303600015ea51c,APPROVED
60debc4045d5ce331ba7647c,APPROVED
5cb52a1e33f33d0001249130,APPROVED
612568764b0193f4200118de,APPROVED
61077a7111364eabfdcf14c2,APPROVED
6287758d18eab4d345d6fafc,APPROVED
62751de9e4af51bc72bd7efd,APPROVED
5c2b6f4cda51990001e3ae6a,APPROVED
610048a63f80516c3f406161,APPROVED
61fa94735719bc09cb834f49,APPROVED
5f330e8f72030b0fa290a172,APPROVED
60bf80b5a9eb4e026caae402,APPROVED
555122cbfdf99b7f207446bb,APPROVED
6169ece65b61efd44d11a316,APPROVED
60b91edd217d7f4f4dcded1a,APPROVED
6101ebf3db55216c04e3cd5a,APPROVED
60ffbc68cabce0e31222a77d,APPROVED
5ba19bdfa896050001d51f18,APPROVED
5f496b791798ec4d6340620d,APPROVED
5eddce842514f6ae9a1e5006,APPROVED
60632b562ed6028c6bb905a6,APPROVED
5f15e4bc797c740fff2c442c,APPROVED
60beda848761cb0d56215c72,APPROVED
5fcdddcd64fc2dd06a6ceadd,APPROVED
5f565fa979a86f077c454e94,APPROVED
5807a64c357e890001dd0ab6,APPROVED
558ed072fdf99b3a6486371d,RETURNED
6107e7583667b5d2a94f4fb7,RETURNED
5ded38c39f631c3f7601388f,APPROVED
5ebca8441a2b811012a6d659,APPROVED
61036c39549abd4fa911d139,RETURNED
62880f6d34b9597474efbd7a,APPROVED
6100668b844773a4427f4419,APPROVED
615a1d9297d4e05d6df9da22,APPROVED
5f78ffb7859b2e500488f5d1,APPROVED
5f062516e1bf2615b803de5e,APPROVED
6283b6f7072c9528da2696b6,APPROVED
5ae1e9328ee5bf00018c8332,RETURNED
5d1804fa1a4be70001636be9,APPROVED
5c39606586c1450001a9675d,APPROVED
6286a749ec914609152707b7,TIMED-OUT
6103a8f4f20ce4e0873a7b22,APPROVED
60fd16c6a00b62b2852f0eaf,APPROVED
60a83dd109652dbc1c5671ef,APPROVED
559ef308fdf99b2616ff2a4f,RETURNED
5d84126b063c7d0019e72723,RETURNED
5a6115d2b9e3b50001a6ca82,APPROVED
6117c048b6509f4c0729321b,APPROVED
61016c825287c7ff63acd244,RETURNED
6245e2d86ee95ac82a8b4641,APPROVED
628778b9bd0dbcd8fa2eeb3a,APPROVED
6167007b6e2a3e28b639498e,APPROVED
628315c026ac7e202787e178,APPROVED
610ec7904b2882f7256934f9,APPROVED
5dd33f6b2091e93579973754,APPROVED
5e5293866f83902a1858dc08,APPROVED
60fed4f17deaa2858ac9faaa,APPROVED
60ff1d7a96561cac342ad78b,APPROVED
5ce83f6ffdd26c00193b9611,APPROVED
5dd3205a523df033442e19da,APPROVED
60ff1d21180a0ea603111a24,APPROVED
5f6ac3f62c65e21a96d0a5e1,RETURNED
5eeab761609f0d1df85d61bf,APPROVED
6085bf84bb0ce00524154c60,APPROVED
5be87e33a14b540001aa2ea5,APPROVED
624431ed8a70d7cd1362762b,APPROVED
5dff1383afb8b0b945fa7345,APPROVED
60bbba1662529ae59d1c55cf,APPROVED
6234fb9dc715e1b3a9007c7e,APPROVED
5e1276f7e69d0a912635da16,APPROVED
614fa15c0f4a7cbe8a3b1df8,APPROVED
60a7cf7088bccddecc849dfa,RETURNED
6163abe84640981d685a57f2,APPROVED
62828fbd4f9530427bf5465d,APPROVED
62741e3b0b8a30bca4b127dc,APPROVED
614e662c6366eea87b920009,APPROVED
6122b5527020257bf5aabc8e,APPROVED
60fdf2b14c49cedb49adf0d2,APPROVED
60fcd6729035bdc55856d12c,RETURNED
60bc4ab6673a043c66657cd5,RETURNED
60cea844a7fff29a2a57f97e,APPROVED
60d53f65d1f77cc84247be14,APPROVED
60fcece7e4087c75fd025495,APPROVED
6074f9259206bee52b6bc013,APPROVED
600dd1ea271cf06201979123,APPROVED
6164674aee2f6131757520fe,APPROVED
5c102b9461df5c0001cb468b,APPROVED
60fdbd48902fa5a4e667eb0c,RETURNED
5f31575ea1285460d5fa56d7,APPROVED
6282ad0acc1c40865dfd371d,APPROVED
614f428333e98c5a156a1e64,APPROVED
5b690c1840003400016fdb4b,RETURNED
5a1efc2b517dfb00013dd370,APPROVED
623a5bb1b15d26b9c926a90b,APPROVED
6116ffbf82fe9e3ec265007e,APPROVED
56854369333cbd000c4e4a14,TIMED-OUT
5f1f886b0d2e6b0008c1f6ec,APPROVED
5ec6c2161f4bef0edbc1bde3,APPROVED
5e2a43116a126f0a33059175,RETURNED
6288200662bdd110ddecad7a,APPROVED
5fffdc5f626a1e1582ab6b9e,APPROVED
60fce5f439f44a75b13cb2cf,APPROVED
5e9902c3a64f740009842923,RETURNED
62029b56ef1cb18a1337c806,RETURNED
611c18741383827821a91823,APPROVED
5f658f418c686c1096675a12,RETURNED
60fba8244cc4f1057c521bf0,RETURNED
5d9373b0e04970001ab482da,APPROVED
5f10eb9e623482430480b5ff,REJECTED
5f47e6376aa63923f3804e3b,APPROVED
614e22baed17f763e7d7593a,RETURNED
62875d4f1887296e3288b770,RETURNED
6282857dd18c09327fb1b33b,APPROVED
5aa3eff9873cda00010d570f,RETURNED
5ecff126aa853e08a8f95e5b,APPROVED
6168e64de6b710be7bcfae47,RETURNED
60bb98100a31c0a3959014ff,APPROVED
5fc5c6e3dfa8ca1557012d44,APPROVED
61351c3a1e3e96156bc86116,APPROVED
5b7cbe9db630cf000125dffe,APPROVED
5dd8ad4d51db1c8655babbd1,APPROVED
5c5c694d46aa74000133e2c4,APPROVED
5ead8de54309424234377266,APPROVED
623519c893eaebfcb0046e26,APPROVED
60f20b2fe513c31967922ad5,APPROVED
61699c0d12f782ae7b6a14d7,APPROVED
612d72360bdd67930d3f85fa,APPROVED
5b12b68bc85dc40001622628,APPROVED
5a1f24609b760100013a8c1b,APPROVED
613e319d0abcddc7d722ff2b,APPROVED
610adf12273cd2afae8d1c70,APPROVED
5daecd74894b61001a481522,APPROVED
5d391aa474651f0017882b6b,RETURNED
612e7ef85edba8d26ef96c99,RETURNED
60e00468ba249d2d30b2d7b2,RETURNED
5f1f9c1e6342c31c5c9ebe0a,APPROVED
60fef115c1aa5366be97aa0e,APPROVED
60f4a3113ba3b752866cc67f,APPROVED
6111a0106181a782aa311d77,APPROVED
60f71eb315abd11a590fda93,APPROVED
5cbdc6f1214b1a0015ccfbab,APPROVED
61022d2f69d5127750d09f40,RETURNED
5de8918e93203f7fb20ce304,APPROVED
6148ea50509c9ce6c1f023c0,APPROVED
60ad5f03939a57803959b569,APPROVED
61068f567a53bf4447f543ef,APPROVED
5faea9c76afc1f092ae5f931,APPROVED
614392b0310173cacd4cea6a,APPROVED
5d5a2bd93296320016eee507,APPROVED
614e2236a3fba7005c31ed93,RETURNED
60fd953077223cb3d24d656d,APPROVED
5d91daf3704e790018f47229,APPROVED
5c3faa9cef1d0d0001b2d8ff,APPROVED
6131095d09a32ff3ff827412,TIMED-OUT
61084d85bab91fe7980f940e,RETURNED
6100366f23745d14d740d8ec,RETURNED
614fb0ae802a309a45d9ccba,APPROVED
610184b85f6357139bc4c9eb,APPROVED
5df01283e9ef6307086047a0,APPROVED
627285b7983e117a047013dc,RETURNED
5f3aead81965e27c4a531d95,APPROVED
601a231301bf18233848faae,APPROVED
5d3ce7e333350b001a7683a0,APPROVED
6147ade6028a9d57b67740c7,APPROVED
5f4a187b40b01f589fe766eb,APPROVED
615251a465f058e211cfbbb8,APPROVED
5ec735fc4131bd17f438838c,APPROVED
60b964cbdd0817815f7c3d32,APPROVED
60ba5eb8b52a583b38f13b77,APPROVED
60393d92ed55293a04c77920,APPROVED
5dd3301ff3b7c233e991e522,RETURNED
5ed5ac56ee608714bb21075d,APPROVED
5a7257d7ff6f2300013f0989,APPROVED
5e2926d80beb030ede110e67,APPROVED
6030a4f8233762f4fe349de1,APPROVED
61015f61752103ff1bc390e3,APPROVED
5c7793d1d454af00160e298c,APPROVED
5a6f57166923df0001ef8d02,RETURNED
5ec7ec01fc75cf27b5dd16ee,APPROVED
608ae40ba23632384c8818de,APPROVED
5d7fdfd7d8e176001983ffa2,APPROVED
614f3da8013b4b35a5022092,APPROVED
60c34e48c9d42cf0f29e9b47,APPROVED
55a7f195fdf99b7508d7d886,RETURNED
5c3e56b53178f800010aae08,APPROVED
60fdc40f41e8e10a0ddabb22,APPROVED
59296fb2e8a7ff000163f033,APPROVED
62897d2024f826ea90b7efa1,RETURNED
5eb70ee80df8f662dffe22d5,APPROVED
5c3d4b92486a390001e87dfe,RETURNED
55bcd160fdf99b1c4e4ae632,APPROVED
60fe22533c13907c40797ebb,APPROVED
60feb2be3bb57f04327c03f4,APPROVED
610d566307b4913aebfdfee6,APPROVED
5c8541b79c5a3000016b2597,RETURNED
5ef937f1ca998b000ca8c947,APPROVED
61003cfa54a14c2633258b3d,APPROVED
60fdd635d896e5b5e23bd88c,TIMED-OUT
605ab4ac7ee22780d068b662,APPROVED
5f11d83ebe3dfb0abd270cfe,APPROVED
628bc01ee93949f088570d3c,APPROVED
60fd939463ee2094a0ad7082,APPROVED
5ec54789144f4f4dc52c96f3,APPROVED
606a4e5bdd2653423459653a,APPROVED
61366c725569c261e9c0b261,APPROVED
5bb101078f3bd70001e51bfe,RETURNED
614f1676ea00c89418719805,APPROVED
5d58d7d6280de7001aa7952a,RETURNED
5f69602cf5d6dd1506d536b4,APPROVED
60e3c0bd1cb51d2cd4df8ede,RETURNED
5fd511f86ef5c530eb69550c,APPROVED
61239a2dfade59a247586dcf,RETURNED
60943c366493d64618007711,APPROVED
62865af5a1e349260f58cdf7,APPROVED
5849061d0c097700012a1ed4,APPROVED
628b960bf8e22707d11f5b8e,APPROVED
628bdbc77a9dddcd7f4ed538,APPROVED
628b8c8dcd089d666edf235b,APPROVED
6238dfab577ecd4adb97a917,APPROVED
5c7705950d75f00015f5fe10,APPROVED
5f8dad950538930dfddc49a8,RETURNED
5f262a5da3ee73344f66d050,APPROVED
5f99ba5121189e05a9490a72,APPROVED
56228c48ed6e5a0005c7fdd6,APPROVED
60ff48fbe2eac23bc87c2983,APPROVED
5e33837fa617e535a5be85a7,APPROVED
60fe19b13dd0ee9020efca26,APPROVED
58cab9bfc7ed3f000116e2a4,RETURNED
5589be79fdf99b18be320155,APPROVED
610884c2833f30cc09114fad,APPROVED
610155fc824c188450eed9ac,APPROVED
60e7bdb3754edaeb7c75fec5,APPROVED
614e0bb5c032d8ebb38cbeea,RETURNED
5e8035b69bebe57112d963fe,APPROVED
6100a2cc398110ed90d28014,APPROVED
5e2de7d2ca99353e104ee222,APPROVED
61085504b0951e096d81185c,APPROVED
5b689d5c9ed65300018a1be4,APPROVED
614e0da3bcc70ead8f1e8d03,APPROVED
5f4dfdb3a7461bad5d3dd157,APPROVED
60358de06e95f2ef5ea32cf0,APPROVED
60fe0b830c9f6498a8e74ada,APPROVED
59a2f6d14d25e800012fcbde,APPROVED
5e616b502e8a28067db138a0,APPROVED
614e0825d40616c90ebc1d49,APPROVED
5ea78fb30541cb0009e4d924,APPROVED
5c5c7091ae14ac0001332137,APPROVED
605ba6199c887f462823d50d,APPROVED
5ddd744ee9a0bace34bc2d5a,APPROVED
60776f4725f8568d5186e637,APPROVED
5e04e8254cac68f49aaaa972,APPROVED
612d06a44690f3a1ca08e641,TIMED-OUT
62896d97416a828a2c88b2ff,APPROVED
565e0169998e44000a4bdab1,APPROVED
60cdbe2390c033540fad1177,APPROVED
5b0d5831324e08000152f143,APPROVED
5bdcf0649ab26e0001a4947c,RETURNED
61021b86628e0777c0c8c015,APPROVED
6026aaab6d051201e5e6adbc,RETURNED
60fe1952f39082cd493260b5,APPROVED
6099f441d9e8d68d4c4c17d9,TIMED-OUT
61002a0749b838d4e6c85954,APPROVED
60ff6cd82a1535a9e64b1496,APPROVED
6111882138447dcd9cedcb7c,APPROVED
5e14d563c4e155ae93907ae1,APPROVED
622a0d9a4f5132ad78e5f1b6,TIMED-OUT
5d41e832b0ca7200169d857e,APPROVED
60fb383e30537b88f361934e,APPROVED
5dbe1be032d0a8336b7c5aba,RETURNED
58dfaf76ba8a05000109eb66,APPROVED
56210effed6e5a000ac7f3a5,APPROVED
6132542039ead71f30971bd6,APPROVED
5ab3fc4b5f01000001cb07e2,APPROVED
5f51529b15e36638fe535eae,APPROVED
5e6bdd2a3ea572199bb7f6b6,APPROVED
5d4a36e8a61675000169036f,RETURNED
6152152ee63e3fcd81cc961f,APPROVED
5c0f1cf4f3027300014b606f,APPROVED
559fa17cfdf99b69c369d364,APPROVED
5f9057735c69b00e72665f84,APPROVED
61096b18dc10f2a5fb0db48b,APPROVED
5ea45eb9abef8a07bcced2bc,RETURNED
60477705b440ae26c4aaf5bb,APPROVED
60833ce5197d68cff9df1b83,APPROVED
5c630fb49874ef0001f4458c,APPROVED
5c5fc78e96dff400013607a5,APPROVED
5d612ae16512d700159face7,APPROVED
5e17a2083be5870a54856ac8,APPROVED
60819dd29a63569b48b584ea,APPROVED
5dd4070a57a7e13efe25534a,APPROVED
6110960791d388b5a41ee93a,APPROVED
5e83bb0601aa8c11929fa6d4,APPROVED
610838e9e68b5ba7d2717e63,APPROVED
613640b9db149fd77230d89c,APPROVED
5d8d12f6d88e3a00142c9751,APPROVED
62865e3cf587a0fb9883f615,APPROVED
5c60a763dff4b30001aa98ee,APPROVED
56f9364e895094000c8f4967,RETURNED
5d47abcc2dc88900166f27c9,APPROVED
5dec8925be656d35d4005320,APPROVED
55d0945934e9060005e57258,RETURNED
58f0fca0d40252000192f201,RETURNED
5f3ebd568c429614c0f595e8,RETURNED
5ec5542eec26b7503909cbc1,APPROVED
5e742af79064483aedad296c,APPROVED
6112ffdc288bd3e0ab310e22,APPROVED
60ddf017992f20e34420dd08,APPROVED
6056962634a5230dacdb63fc,APPROVED
5ed559e5afbd830e2117ed55,APPROVED
60dc5dadc66181fd64da98e6,APPROVED
5fa9b9a7dc147c21a7bd0acc,APPROVED
5f6e2f793c9b1032dbe72def,RETURNED
5484655ffdf99b07b28f22cc,APPROVED
5a94c0b7b5e2110001c6891e,APPROVED
5ec62902bb44c16b842128f9,APPROVED
628ab849db5ef79828d69a28,APPROVED
5ea3a20ac30a773368592f9e,APPROVED
5e6685e1ffed4c405a4db5d0,APPROVED
5e237189f0b71e629c6efe62,APPROVED
614dd04f946867282d817c11,APPROVED
62732854d22b38dbdae3ef9c,RETURNED
5fc07d1d954a2251529dcfd6,APPROVED
60fdfb4370769b8e87266db2,APPROVED
54847013fdf99b0379939c8a,APPROVED
5b233660648d5b0001b7de87,RETURNED
60ec54c58f88686dadb1a0c9,APPROVED
6068bf5914131f3a1a80a413,RETURNED
628ba99afade87be7c497b5e,APPROVED
60fdb51512efb19804590ca9,APPROVED
5c2c6e432c45d400014a35e3,RETURNED
6043cbd95042bc3eba7b4bc1,APPROVED
6151e70a336a52b8af712d41,APPROVED
5a5479b4ac56240001537ffa,APPROVED
5d824fa9be1eee0016258e42,APPROVED
583f12f545073d0001fac52d,RETURNED
60ff20b8905a9fc06fa743d4,APPROVED
628f93dc168e3004adcbebb8,APPROVED
614e2f31f6897d74abdff6a0,RETURNED
5df967d2f6191f6e87b236e6,APPROVED
61699140a87c73f10eb7853a,APPROVED
5ec1e14dcf12be62c5473dad,APPROVED
5f17821d53d8590009cfc951,TIMED-OUT
615093d5fd6b10685848bf69,APPROVED
568899d9d7848e0005399c6b,APPROVED
5f4c9e74da9c148b0d42ecbd,APPROVED
60cfcbb626d05da2528ad10b,APPROVED
5d5181fc842e8600171e5a78,APPROVED
5d0dd940312297000137d2a7,APPROVED
5c3a1ef5e57f0500018506c0,APPROVED
60fcf817910892a193248625,APPROVED
5ff7daa1dd81f74ce4e1810b,APPROVED
5ff3f431bb7b2959192f9be8,RETURNED
5e8bf957b7e6de0e5571b507,APPROVED
615e3c6bdb7c4e8e2ee86818,APPROVED
60ff06c7a7937903ac61f7df,APPROVED
5c63b85462e1660001d19ae5,APPROVED
5f6eb18408ed4c3fa68fbf8a,APPROVED
5dfac1ba83907981767ce907,RETURNED
5fcb21b003aca580eb04ec18,RETURNED
60feea24a2c044b23235c5ac,APPROVED
60e63f1dbe089946dee11789,RETURNED
627aa0db6b7fa1b8661ee8a8,APPROVED
62695575c92e508d9232fd1a,APPROVED
614fb5f505179343600daf54,RETURNED
614e2b2bd900d5f91096ac12,RETURNED
60f0ca8a538a9dee4e1b3c21,APPROVED
5dc3841029bf8929c19e2863,APPROVED
60ff14d1b2633c92e22b725c,APPROVED
60fef1bee56d971913cc3f7f,APPROVED
5df4565dfeea89323021ef27,APPROVED
6290d5ee6a4f30dc7bb0e67c,APPROVED
60fadf64707bc7dcf61f9e54,APPROVED
5f3bc91327d97393a0c56178,APPROVED
5f839de3c11409537caccb9c,APPROVED
5d9be6d4d6e5640016b915df,APPROVED
57b4abf0f0ed6e0001517979,APPROVED
5b50881a59119400018abaf3,APPROVED
5bcbdf5b0f10750001d7a494,APPROVED
610830330f8703acbc7cc9d6,APPROVED
6147b57356da2c40473e3e06,APPROVED
628ece7c46d895b23d5d7a38,APPROVED
604dff87be5115f1266d3963,RETURNED
5dea494eb3adb21655dfadf4,APPROVED
60fe1a43857cc5f00d4a78ec,RETURNED
610611f8944312ad9fdcb7d7,RETURNED
610741006a3d0a420ee16227,APPROVED
615880a66bc32302998866d9,APPROVED
614f575ba1d85828b28a773c,APPROVED
60d897f8e73f969d51282445,APPROVED
60372147dfe1bd27fb56629e,APPROVED
5f98187948060d064c52948b,APPROVED
5c5da4b6c059db00014af1a0,APPROVED
5e4c21f770e1ed0849f9a7d0,APPROVED
61080bb8cd3df0d07d7555d6,APPROVED
628e96b9b7679f5464681a9a,APPROVED
5e01ac85617219d6da5ab31c,APPROVED
6290dbc6978798eca8e810dd,APPROVED
5e09ffd8fa3d102a583771c1,APPROVED
6115c0723d9c163d62cca8d1,APPROVED
5c0dbb9b9166290001253342,APPROVED
5c5f8a910edbd90001e1feda,APPROVED
614dd9c7fe3afb375e947a27,RETURNED
6290fa859d6b1f2d502a5efd,APPROVED
628de7e8ff1744a9717d7883,RETURNED
5acba5505cd10500016280eb,APPROVED
614e07461fd23406f92023c7,APPROVED
614dda3a0bc594ebf91a7413,RETURNED
5ef64f72a0795611e141f842,APPROVED
55b3120cfdf99b6ef6263a71,APPROVED
5ba7eeca79540900016008a6,APPROVED
5f77de1d0b747236fdedafc5,APPROVED
60fdaa5dc7b63d3c13b50839,RETURNED
5ef9338e3fa1390009d94b76,APPROVED
5df197316552ef0ba4b25627,APPROVED
5dd36d715e9119361a7459f8,RETURNED
55c664aefdf99b5cd4c4e618,APPROVED
60654d21d73575a00486a16e,APPROVED
60f43c3a0fd9723feba1af38,APPROVED
610d505ad461a3607f6ec804,APPROVED
5d75af57bcfd5b001b192708,RETURNED
5edcede15da5da039d0c879d,RETURNED
5ec76194079cdc1b61767c3b,APPROVED
61029853180ae07e6a37dc87,APPROVED
5e7f514bb18cb4000a68310d,RETURNED
5f8ac3760d1aa703601582ef,APPROVED
5bae7511408bf900018fbaa5,RETURNED
5e9b508c8035dd0009f95185,APPROVED
6292289391b6a2c1033653c8,APPROVED
5a4c358dac413f0001e608b5,APPROVED
5e88dd7a0febe805d3a120b6,APPROVED
61009dd0ba78fb44de404fcd,APPROVED
5c9663d625e64c001611865b,APPROVED
5e869a2ada38292db0605de5,APPROVED
60b98e805f90520bd582802d,APPROVED
6290e76ab3d0c83ebccdbd90,APPROVED
60fded771d362f0624a42a38,RETURNED
611ecbe60193e2805465421d,APPROVED
60ff4620a227c501b7f7bba5,APPROVED
628ee06ab035b1ac06980f24,APPROVED
629235e77f5634a6ecbb8cce,APPROVED
60451e0f0d94f161286383d9,RETURNED
60d29dcc8ee32f63b359d02d,APPROVED
60fe48206a5aa296d673fa06,RETURNED
629188152540e3acf47f652f,RETURNED
6153cc9cd8ac0521250d0009,APPROVED
610813ebfdb1b78559fb1ff9,APPROVED
5e948edbbae84a7ddd396364,APPROVED
5f92002ccc33eb0ff3d749c5,APPROVED
62911d90f28ce4903017b3e0,APPROVED
610317bf4ff2cfcff5c3d8d1,APPROVED
613583bb487eb60b892f735b,APPROVED
5cdad620eae6f70019d4e950,APPROVED
6100bb2660955ead768c8fcf,APPROVED
5c8808098d2bbf0017e4b527,APPROVED
60c81a232837d9f7d4a641bf,RETURNED
60b7c8ef09d65cab2ad6c2a2,APPROVED
622a2b1c561ce3cd95519fd2,RETURNED
5ba869c2e4d9160001f01fe8,APPROVED
5cf5f18a213846001788181b,APPROVED
5c3764ce3acfeb000154ac66,APPROVED
615213381c11587d5311c673,APPROVED
60b91e7f81b40fd08d67baaa,APPROVED
6143e9b3f55674fb49a6aebd,APPROVED
5b0029933c08a1000156662c,APPROVED
5d65d503db78ac000184b1b3,APPROVED
5c70c956f11dda0001ff50ab,APPROVED
628f6c4bcc3decd22be1963f,APPROVED
628eab48a8c8dc1ecec338dd,APPROVED
5c4c7944cc16bc0001f96a18,APPROVED
6109881cd58ec9d648e19df0,APPROVED
5c9293accd8dd00001d0b129,APPROVED
628ffad683212b7d1ab6df42,APPROVED
6291a627cd9b54aef7956bc6,APPROVED
62852713b303ab98f51565bf,RETURNED
6108103e7cdaf6c911ee5c4c,REJECTED
6287570360142b713b513e70,APPROVED
628795edea38f8a3b2ee9e60,APPROVED
6107aa6f38f7447e97ac02b9,RETURNED
61099c47527f04bafe233cc5,TIMED-OUT
629510b7f29b529f4117fa6c,APPROVED
61130408c5bc99955e662325,APPROVED
6171a0b9367669bd8d232674,APPROVED
5ec6852ffa4c53071c789fe8,APPROVED
5dd733664524e76dc4537fe2,APPROVED
60fdeb3b5bed6cae6a895ade,APPROVED
60043e449262c21e955273f2,APPROVED
6287b7c5ca9c9f4b61f3300c,APPROVED
60b13f74a0a63d155e2ef300,APPROVED
6295439358b5e5c519fd04dd,APPROVED
62858ec276711d7091ba3d80,APPROVED
5ebb51e14fa5d7123c03615c,APPROVED
6053a8d54ee4c8d353177990,APPROVED
6290e41cb4d2e1a893a8a032,APPROVED
60f9bf906d1a202d1ff18af7,APPROVED
5a502d82e0cf3d000125df70,APPROVED
629181d5707cff8d3b7debba,RETURNED
5fe67de412f16c4c13d22ac0,RETURNED
5d48fcc5643eb80001fb43fa,APPROVED
628f827eeb876ed2617881e7,RETURNED
5f51268b7abc4a30c4d8240d,APPROVED
611c7e955d058e9cb73d8c2e,APPROVED
60c6cd8bacdf5d1f27924048,RETURNED
5f9b77d9ecb7a43adeb1a1e6,APPROVED
610843d48d5126c90f5eef37,APPROVED
5e5e9f949ec7440200735db7,RETURNED
5dcd91a0b7ebf606d16c971e,APPROVED
5fba8ed9c7bb9a72a8c0ed8c,APPROVED
6295661fe84d030298cf21f0,APPROVED
5d61b08dc1cfe8001740f405,APPROVED
60fcd971bc568634d0e84057,APPROVED
61222038c2048b50449284a1,APPROVED
5f9bc3941e4f743faedaa1dc,APPROVED
60a412ca8fb78d5205ee4c24,APPROVED
5f4d0dea00dba59727e12865,RETURNED
6013fbdabd6b560a4ea0e470,APPROVED
6286dbcfd2c4df2243f52065,APPROVED
6115441c88f881b7cbdd7218,APPROVED
5b6f49b7d60bdd0001ade437,APPROVED
5e7a2ccd69a7770604dfb352,APPROVED
5b5400dde689060001c87d47,APPROVED
6013226fea15971ac14d0fb5,APPROVED
6294c3c360a62ab4c18a4ffd,APPROVED
628f6f1d40247d702449b534,APPROVED
5e6fd3293c76d25a3ca8b384,APPROVED
615ddfac4254098aac0104f6,APPROVED
6291208072cb3226a4aec6f7,RETURNED
61158711c1d7b3882c311104,REJECTED
60fcfe8185c3d7634a14dea7,APPROVED
6283bbad3d50889bf5901b4b,RETURNED
5e36efb122d9f6672e1867c2,APPROVED
6287cced8b5c58604fe147d4,APPROVED
5f172ae778443b0586a856d4,APPROVED
60fde71d08e32b4b5bbdfc38,APPROVED
5ca25f7048f78e0018fdac10,APPROVED
6150bf9dd333a72835740273,APPROVED
5699df0625d9e9000db0c8e3,APPROVED
61006bd3656d35b948a8eee1,APPROVED
60fd99cf54f4ab85c667d2da,RETURNED
620bdbc3a922fc3f247f688b,APPROVED
5bf9bd81549c180001dab194,APPROVED
61054654ed131f301b14d4d3,APPROVED
5e92a98518ca6c5e48437217,APPROVED
6296396046cd472a38c8216d,APPROVED
614dbfd1b603d7787cf33b59,TIMED-OUT
5bde3d1a3ec77c0001bddc37,APPROVED
5c738ffc61dd7e0001a16a72,APPROVED
61160189e88d439232bca89e,APPROVED
5dd33cf61096ea35151c809c,APPROVED
628d62ebb922cd32cb25bce8,TIMED-OUT
5aece6cf7ed5460001574ddf,APPROVED
62793de87923515beb4ce6ae,RETURNED
5f96301839be85178cb37e0a,APPROVED
5e5ca080bb37ff47b09dd4cc,APPROVED
610b3489a58c821ea5d042db,RETURNED
6266c5337de85170de6b99e6,RETURNED
61022b3703f20b76e78e8624,APPROVED
61655693723e4db75af4694a,RETURNED
5e2360162828c461a8000585,APPROVED
5d33eba92fd5a40016e58abb,RETURNED
5f36cb5c5a67570e141f4ef3,RETURNED
60296613d9b88a89af13006f,APPROVED
60c0e96d6e03fb74043010e0,RETURNED
6293f96f39c4d9c03e078ebc,APPROVED
62877c131f3937e6819859ba,APPROVED
61000d9f866cb789b6472c51,APPROVED
5eed0a360b80bb1148692c2d,APPROVED
5c82ab95a869d400179ab039,APPROVED
5cb9ca6814b3cb0017e4f7dd,RETURNED
61549dbe6b3875600a0cfe43,APPROVED
5f0df709c887690e5bede0ec,RETURNED
613d3cb06964f7c524a78ed0,RETURNED
6167175ed1680ecefc063aed,APPROVED
60fd543d2abb391065714ebd,APPROVED
5dcb24a0f3795b7f9c72b6ec,APPROVED
5d652fe12ca6c80018880d19,APPROVED
5d2a3561d3edf900018016a1,APPROVED
6116876a64aadf8649c181a8,APPROVED
60fd8e764db4533e936f4ade,APPROVED
60306cf6330619ee41fa3cd2,APPROVED
6296679db01baef9e62b6734,RETURNED
61127edae420c460b6e45aa0,APPROVED
5adbf270066c510001d407a6,APPROVED
5eb0239ad2a3d7084bbee885,APPROVED
5ea7b13e8ac6491a2050e619,RETURNED
60fcbef1d289419dcbcbc6ee,APPROVED
